beta,r15CurrentAmp,n9PassiveDemandAmp,residualFromR15AfterN9PassiveAmp,effectiveCurrentRatio,collectorCurrentForBetaAmp,requiredR16CurrentForBetaAmp,requiredR16LowerVoltForBeta,verdict,note
10,0.007916666666666667,0.007538636363636364,0.00037803030303030366,19.941883767535035,0.007196969696969698,0.007158333333333334,0.40999999999999837,requires_pin_or_beta_review,R16 lower endpoint is now confirmed as reference. This row is still only a current-sign check, not a B/C/E assignment.
20,0.007916666666666667,0.007538636363636364,0.00037803030303030366,19.941883767535035,0.007539682539682541,0.007501046176046177,-0.0012554112554123975,coherent_if_R16_lower_is_reference,R16 lower endpoint is now confirmed as reference. This row is still only a current-sign check, not a B/C/E assignment.
50,0.007916666666666667,0.007538636363636364,0.00037803030303030366,19.941883767535035,0.007761437908496733,0.007722801544860369,-0.26736185383244226,requires_pin_or_beta_review,R16 lower endpoint is now confirmed as reference. This row is still only a current-sign check, not a B/C/E assignment.
100,0.007916666666666667,0.007538636363636364,0.00037803030303030366,19.941883767535035,0.00783828382838284,0.0077996474647464755,-0.35957695769577036,requires_pin_or_beta_review,R16 lower endpoint is now confirmed as reference. This row is still only a current-sign check, not a B/C/E assignment.
200,0.007916666666666667,0.007538636363636364,0.00037803030303030366,19.941883767535035,0.007877280265339967,0.007838643901703603,-0.4063726820443243,requires_pin_or_beta_review,R16 lower endpoint is now confirmed as reference. This row is still only a current-sign check, not a B/C/E assignment.
