beta,assumedCollectorCurrentAmp,expectedBaseCurrentAmp,expectedEmitterCurrentAmp,r13CurrentAmp,requiredR16CurrentForThisBetaAmp,requiredR16BottomVoltForThisBeta,r16CurrentIfBottomRefAmp,requiredEmitterCurrentAtN9IfR16BottomRefAmp,requiredBaseOrExtraInjectionIfR16BottomRefAmp,effectiveBetaNeededIfR16BottomRef,gmSiemens,reOhm,rPiOhm,verdict,note
50,0.005833333333333334,0.00011666666666666667,0.00595,0.000038636363636363636,0.0059113636363636365,1.9063636363636363,0.0075,0.007538636363636364,0.00170530303030303,3.4207019102621063,0.2256608639587363,4.4314285714285715,221.57142857142856,coherent_if_R16_bottom_is_about_2V,R15=N215->N145 is visually confirmed. R16 lower node is not assumed; the row computes the lower-node voltage required by BJT KCL.
100,0.005833333333333334,0.00005833333333333333,0.005891666666666667,0.000038636363636363636,0.005853030303030303,1.9763636363636365,0.0075,0.007538636363636364,0.00170530303030303,3.4207019102621063,0.2256608639587363,4.4314285714285715,443.1428571428571,coherent_if_R16_bottom_is_about_2V,R15=N215->N145 is visually confirmed. R16 lower node is not assumed; the row computes the lower-node voltage required by BJT KCL.
200,0.005833333333333334,0.000029166666666666666,0.0058625000000000005,0.000038636363636363636,0.005823863636363637,2.011363636363636,0.0075,0.007538636363636364,0.00170530303030303,3.4207019102621063,0.2256608639587363,4.4314285714285715,886.2857142857142,coherent_if_R16_bottom_is_about_2V,R15=N215->N145 is visually confirmed. R16 lower node is not assumed; the row computes the lower-node voltage required by BJT KCL.
