frequencyHz,admittanceMagnitudeSiemens,phaseDeg,conductanceR14Ratio,note
20,1.2566370217478851e-7,89.98560000030318,0.000251327404349577,AC-only branch N145--R14--C6--N10; DC stamp is open.
1000,0.00000628268926550075,89.28003789569043,0.0125653785310015,AC-only branch N145--R14--C6--N10; DC stamp is open.
20000,0.00012187354192985428,75.89219762840987,0.24374708385970856,AC-only branch N145--R14--C6--N10; DC stamp is open.
79577.4715,0.00035355339049120377,45.00000001654116,0.7071067809824075,AC-only branch N145--R14--C6--N10; DC stamp is open.
100000,0.0003912394929134994,38.51188725396658,0.7824789858269988,AC-only branch N145--R14--C6--N10; DC stamp is open.
1000000,0.0004984243360751646,4.549865309121084,0.9968486721503291,AC-only branch N145--R14--C6--N10; DC stamp is open.
