caseName,currentMicroAmp,voltageMilliVolt,currentFromVoltageMicroAmp,inverseRelativeError,dynamicResistanceKiloOhm,dynamicConductanceMicroSiemens,equivalentCurrentMicroAmp,inStatedCurrentRange
ID_2_uA,2,344.12443852624375,2.0385287170480297,0.01926435852401487,26.982484384444113,37.06107954153095,-10.753623188405799,true
ID_5_uA,5,398.4610886668677,5.096321792620075,0.019264358524015,12.497188690006304,80.01799643144346,-26.8840579710145,true
ID_10_uA,10,445.19544938974565,10.192643585240146,0.019264358524014646,6.98147409270283,143.23622586313385,-53.768115942028984,true
ID_18.33_uA,18.33,490.51999017783123,18.683115691745197,0.01926435852401521,4.1965331699487125,238.2919327698824,-98.55695652173915,true
ID_50_uA,50,575.9515046538099,50.963217926200755,0.019264358524015108,1.8063933555051312,553.5892816215352,-268.84057971014494,true
ID_100_uA,100,643.5032083030442,101.92643585240151,0.019264358524015108,1.009130031202501,990.9525720965598,-537.6811594202901,true
ID_250_uA,250,745.1112453366156,254.81608963100382,0.019264358524015278,0.46738796298387714,2139.550179289696,-1344.2028985507247,true
ID_500_uA,500,832.503210847575,509.63217926200747,0.019264358524014938,0.26110327976583037,3829.902101945432,-2688.405797101449,true
